question_id,sample_type,n_triples
1000027,2,5
1000038,2,2
1000047,2,2
1000049,2,7
1000050,2,2
1000054,2,2
1000055,3,8
1000062,3,8
1000064,2,1
1000067,1,2
1000068,3,12
1000069,2,6
1000072,3,5
1000089,2,4
1000091,2,2
1000092,1,3
1000094,3,8
1000095,2,3
1000097,2,5
1000102,3,7
1000108,3,7
1000114,2,8
1000115,2,7
1001783,2,8
1001791,2,5
1001793,2,1
1001795,2,3
1001802,2,7
1001809,2,4
1001812,2,4
1001816,3,10
1001835,3,12
102,3,7
108,2,7
114,3,8
1783,3,8
1787,2,3
1795,2,3
1800,3,7
1801,3,13
1805,2,5
1808,3,5
1824,3,11
1828,3,9
1830,2,6
1835,3,12
2000038,2,2
2000050,2,2
2000053,2,5
2000054,1,2
2000055,3,8
2000058,2,6
2000062,3,8
2000064,2,1
2000067,1,2
2000068,3,12
2000070,3,10
2000072,2,5
2000078,2,2
2000082,3,5
2000089,2,4
2000091,2,2
2000092,1,3
2000094,3,8
2000095,2,3
2000097,2,5
2000102,3,7
2000108,2,7
2000114,3,8
2001792,3,10
2001793,1,1
2001800,2,7
2001802,2,7
2001808,3,5
2001809,2,4
2001816,3,10
2001824,3,11
2001825,3,10
2001828,3,9
2001830,3,6
2001831,3,10
3000038,2,2
3000047,1,2
3000050,2,2
3000054,1,2
3000058,2,6
3000064,2,1
3000067,2,2
3000068,3,12
3000070,3,10
3000072,3,5
3000074,1,1
3000078,2,2
3000082,3,5
3000089,2,4
3000092,2,3
3000094,3,8
3000095,2,3
3000097,3,5
3000102,3,7
3000108,2,7
3000114,2,8
3000115,2,7
3001783,3,8
3001793,2,1
3001801,3,13
3001802,2,7
3001805,2,5
3001808,2,5
3001809,2,4
3001815,2,9
3001816,3,10
3001830,3,6
3001835,3,12
3001839,3,10
38,2,2
47,2,2
50,2,2
54,1,2
58,2,6
62,3,8
64,1,1
67,1,2
68,3,12
72,3,5
74,2,1
78,2,2
89,3,4
91,2,2
92,1,3
94,3,8
95,2,3
97,2,5
